PID,Name,Position,Height,Weight,Age,Foot,WeakFootUsage,WeakFootAccuracy,Form,InjuryResistance,Nationality,Region,Club,League,CardType,Overall,MaxOverall,AttStyle,DefStyle,Offensive Awareness,Ball Control,Dribbling,Tight Possession,Low Pass,Lofted Pass,Finishing,Heading,Set Piece Taking,Curl,Defensive Awareness,Tackling,Aggression,Defensive Engagement,GK Awareness,GK Catching,GK Parrying,GK Reflexes,GK Reach,Speed,Acceleration,Kicking Power,Jumping,Physical Contact,Balance,Stamina,Skills,AIStyles
1001,Marco Silva,RWF,178,72,27,Right,Regularly,High,Unwavering,Medium,Portugal,Europe,Atlantic FC,European League,Sample,92,95,Prolific Winger,Tracking Back,86,88,91,87,78,81,84,58,72,86,42,45,48,50,40,40,40,40,40,90,91,82,62,68,88,84,Double Touch|Chop Turn|Long-range Curler|Through Passing|Pinpoint Crossing,Mazing Run|Incisive Run|Early Cross
1002,Elena Varga,CF,176,68,24,Right,Rarely,High,Unwavering,High,Hungary,Europe,Atlantic FC,European League,Sample,91,94,Goal Poacher,Basic,90,82,79,78,70,64,93,84,68,71,38,40,62,55,40,40,40,40,40,86,85,88,82,79,76,83,First-time Shot|Acrobatic Finishing|Heading|Chip Shot Control|Penalty Specialist,Speeding Bullet
1003,Jonas Berg,CB,191,86,29,Right,Rarely,Medium,Standard,High,Sweden,Europe,North Gate,European League,Sample,90,92,Build Up,Destroyer,52,70,58,68,74,76,48,86,45,42,91,88,87,90,40,40,40,40,40,78,74,70,85,90,64,86,Heading|Man Marking|Interception|Blocker|Aerial Superiority|Acrobatic Clearance,Long Ball Expert
1004,Kenji Arai,AMF,172,66,26,Left,Occasionally,High,Unwavering,Medium,Japan,Asia,Tokyo Blue,Asian League,Sample,89,93,Classic No. 10,Basic,84,90,88,91,89,86,76,54,82,88,48,50,52,55,40,40,40,40,40,81,84,78,58,62,90,80,Sole Control|One-touch Pass|Through Passing|Weighted Pass|Outside Curler,Trickster|Mazing Run
1005,Samuel Okonkwo,GK,193,88,31,Right,Rarely,Medium,Standard,High,Nigeria,Africa,Atlantic FC,European League,Sample,88,90,Offensive Goalkeeper,Basic,40,52,48,50,55,58,40,42,40,40,45,40,48,50,90,86,85,92,88,62,60,78,72,82,58,55,GK High Punt|GK Long Throw|GK Penalty Saver,Long Ball Expert
1006,Lucia Moretti,CMF,168,61,23,Right,Regularly,High,Unwavering,Medium,Italy,Europe,Milan River,European League,Sample,88,92,Box-to-Box,Anchor Man,78,86,82,84,88,85,72,64,70,76,76,78,80,82,40,40,40,40,40,83,84,80,70,68,86,91,One-touch Pass|Through Passing|Interception|Fighting Spirit|Captaincy,Long Ranger
1007,Diego Rivas,LB,181,74,28,Left,Occasionally,Medium,Standard,Medium,Argentina,South America,Pacific United,American League,Sample,86,89,Full-back Finisher,Defensive Full-back,74,78,80,76,75,84,58,62,64,78,80,82,78,81,40,40,40,40,40,88,86,76,72,75,80,90,Pinpoint Crossing|Interception|Sliding Tackle|Long Throw,Early Cross|Incisive Run
1008,Noah Brandt,DMF,186,80,30,Right,Rarely,Medium,Standard,High,Germany,Europe,North Gate,European League,Sample,87,90,Orchestrator,Anchor Man,64,82,70,78,88,86,55,72,62,68,88,86,84,89,40,40,40,40,40,70,68,76,74,84,72,88,Weighted Pass|Man Marking|Interception|Blocker|Fighting Spirit,Long Ball Expert
1009,Amira Haddad,LWF,165,58,22,Right,Regularly,High,Unwavering,Low,Morocco,Africa,Atlas Stars,African League,Sample,90,94,Roaming Flank,Tracking Back,88,86,93,85,74,72,80,48,66,82,40,42,50,48,40,40,40,40,40,93,94,78,56,54,92,81,Double Touch|Chop Turn|Sole Control|Gamesmanship|Through Passing,Trickster|Speeding Bullet|Incisive Run
1010,William Cho,SS,183,76,25,Left,Occasionally,High,Unwavering,Medium,Korea Republic,Asia,Seoul Tide,Asian League,Sample,89,93,Dummy Runner,Basic,87,85,84,83,80,78,86,70,74,80,44,46,58,52,40,40,40,40,40,85,86,87,68,72,84,82,Long-range Shooting|First-time Shot|One-touch Pass|Through Passing,Mazing Run|Long Ranger
1011,Priya Nair,RB,170,62,24,Right,Regularly,High,Standard,Medium,India,Asia,Mumbai FC,Asian League,Sample,84,88,Offensive Full-back,Tracking Back,76,77,79,75,74,80,60,58,58,72,78,80,76,80,40,40,40,40,40,89,90,72,66,64,84,88,Pinpoint Crossing|Interception|Sliding Tackle,Early Cross|Speeding Bullet
1012,Thomas Reed,CF,188,84,33,Right,Rarely,Medium,Standard,Low,England,Europe,Atlantic FC,European League,Sample,85,86,Target Man,Basic,82,74,68,70,66,60,84,90,58,52,42,48,78,60,40,40,40,40,40,68,64,86,88,90,58,74,Heading|First-time Shot|Acrobatic Finishing|Super-sub,Long Ranger
