姓名,球衣名,球员编号,卡,卡名,位置,球队,球队编号,青训队,青训队编号,国籍编号,国籍,身高,体重,年龄,惯用脚,逆足频率,逆足精度,状态,抗伤,合同,打法编号,打法,进攻意识,控球,盘带,紧密控球,地面传球,空中传球,射门,头球,定位球,弧线,速度,加速,踢力,弹跳,身体接触,平衡,耐力,防守意识,铲球,侵略性,防守参与
Benjamin Pavard,PAVARD,104752,标准卡,标准卡,CB,Internazionale Milano,119,LOSC Lille,213,208,France,186,81,30,右脚,几乎不用,中,标准,低,20240630,10,Extra Frontman,59,72,65,62,75,73,57,73,62,66,74,69,76,81,74,62,77,75,73,72,73
Benjamin Pavard,PAVARD,105592576383280,特殊卡,(※中国版オリジナルFP),RB,München RW,127,LOSC Lille,213,208,France,186,81,30,右脚,几乎不用,中,稳定,中,20240630,12,Defensive Full-back,60,74,66,65,72,75,60,77,55,72,76,69,74,81,74,65,79,81,77,74,77
Benjamin Pavard,PAVARD,105679281035568,特殊卡,Champions Campaign Rewards 23-24 Inter,CB,Internazionale Milano,119,LOSC Lille,213,208,France,186,81,30,右脚,几乎不用,中,标准,中,20240630,10,Extra Frontman,61,71,64,65,71,74,60,74,55,66,74,67,76,81,74,61,79,77,74,75,75
Benjamin Pavard,PAVARD,105582644271408,特殊卡,Club Selection FC Bayern München 5 Jun '23,RB,München RW,127,LOSC Lille,213,208,France,186,81,30,右脚,几乎不用,中,稳定,中,20240630,12,Defensive Full-back,61,72,67,66,73,76,60,77,55,72,76,69,74,81,74,65,79,82,76,69,76
Benjamin Pavard,PAVARD,105738605271344,特殊卡,Internazionale Milano Pack 6 Mar '25,CB,Internazionale Milano,119,LOSC Lille,213,208,France,186,81,30,右脚,几乎不用,中,标准,中,20240630,10,Extra Frontman,57,69,65,62,72,71,58,71,61,67,75,72,72,79,77,62,77,75,75,77,76
Benjamin Pavard,PAVARD,105650826877232,特殊卡,Internazionale Milano Selection 12 Feb '24,CB,Internazionale Milano,119,LOSC Lille,213,208,France,186,81,30,右脚,几乎不用,中,标准,中,20240630,10,Extra Frontman,61,71,64,65,71,74,60,74,55,66,74,67,76,81,74,61,79,77,77,72,75
Benjamin Pavard,PAVARD,105874433612080,特殊卡,Italian League Selection 8 Oct '26,CB,Internazionale Milano,119,LOSC Lille,213,208,France,186,81,30,右脚,几乎不用,中,标准,低,20240630,10,Extra Frontman,57,69,64,64,72,70,55,67,60,63,75,72,70,77,76,64,77,75,75,74,77
Benjamin Pavard,PAVARD,105634452314416,特殊卡,Italian League Selection Guardians 6 Nov '23,RB,Internazionale Milano,119,LOSC Lille,213,208,France,186,81,30,右脚,几乎不用,中,标准,中,20240630,12,Defensive Full-back,62,71,64,65,71,75,61,73,55,70,78,73,77,80,72,65,80,78,75,75,85
Benjamin Pavard,PAVARD,105562243176752,特殊卡,National Team Selection France 21 Nov '22,RB,France,8,LOSC Lille,213,208,France,186,81,30,右脚,几乎不用,中,稳定,中,20240630,12,Defensive Full-back,61,74,68,66,73,76,61,77,56,72,76,69,74,81,74,67,79,80,75,69,78
Benjamin Pavard,PAVARD,105589623593264,特殊卡,National Team Selection France 24 Jul '23,RB,France,8,LOSC Lille,213,208,France,186,81,30,右脚,几乎不用,中,稳定,中,20240630,12,Defensive Full-back,61,72,66,66,72,75,60,77,55,72,76,69,74,81,74,65,79,81,77,74,77
Benjamin Pavard,PAVARD,52852525472048,特殊卡,POTW 1 Feb '24,CB,Internazionale Milano,119,LOSC Lille,213,208,France,186,81,30,右脚,几乎不用,中,标准,中,20240630,10,Extra Frontman,60,72,65,65,74,75,58,78,54,66,78,71,78,87,81,63,82,90,86,82,80
Benjamin Pavard,PAVARD,52784342866224,特殊卡,POTW 16 Mar '23,CB,München RW,127,LOSC Lille,213,208,France,186,81,30,右脚,几乎不用,中,稳定,中,20240630,15,Build Up,66,77,74,72,78,81,68,82,60,77,81,74,79,90,79,72,85,89,81,74,83
Benjamin Pavard,PAVARD,52889032694064,特殊卡,POTW 18 Sep '25,CB,Olympique de Marseille,113,LOSC Lille,213,208,France,186,81,30,右脚,几乎不用,中,标准,中,20240630,15,Build Up,57,69,64,62,74,72,55,80,60,64,82,77,75,86,85,64,84,87,87,86,90
Benjamin Pavard,PAVARD,52885274597680,特殊卡,POTW European Club Championship 24 Apr '25,CB,Internazionale Milano,119,LOSC Lille,213,208,France,186,81,30,右脚,几乎不用,中,标准,中,20240630,15,Build Up,58,70,65,62,75,74,56,83,61,67,82,78,76,85,84,65,85,87,86,84,87
Benjamin Pavard,PAVARD,70375455168816,特殊卡,Premium Club Pack FC Bayern München Jun '22,RB,München RW,127,LOSC Lille,213,208,France,186,81,30,右脚,几乎不用,中,稳定,中,20240630,12,Defensive Full-back,65,74,72,69,75,78,64,79,57,74,83,75,77,83,77,72,81,82,78,74,81
Benjamin Pavard,PAVARD,105590697335088,特殊卡,Summer Tour in Japan 14 Aug '23,RB,München RW,127,LOSC Lille,213,208,France,186,81,30,右脚,几乎不用,中,稳定,中,20240630,12,Defensive Full-back,60,71,66,65,72,75,60,77,55,72,76,69,74,81,74,65,82,81,77,74,77
Benjamin Pavard,PAVARD,105826920536368,特殊卡,Worldwide Clubs Selection 12 Feb '26,CB,Olympique de Marseille,113,LOSC Lille,213,208,France,186,81,30,右脚,几乎不用,中,标准,中,20240630,10,Extra Frontman,60,72,65,62,75,74,58,73,62,66,76,68,75,81,77,62,81,73,73,72,74
Eberechi Eze,EZE,114906,标准卡,标准卡,AMF,Arsenal FC,101,Queen's Park BW,1327,204,England,178,67,28,右脚,偶尔,中,稳定,低,20250630,6,Hole Player,72,82,84,80,75,71,71,58,75,77,74,79,75,54,64,80,77,55,60,66,63
Eberechi Eze,EZE,105804103532762,特殊卡,Arsenal FC Pack 25-26,AMF,Arsenal FC,101,Queen's Park BW,1327,204,England,178,67,28,右脚,偶尔,中,稳定,低,20250630,14,Creative Playmaker,71,78,81,80,77,73,76,56,70,72,76,80,78,54,72,78,74,53,58,63,61
Eberechi Eze,EZE,105640626340058,特殊卡,English League Selection 14 Dec '23,AMF,Crystal Palace RB,382,Queen's Park BW,1327,204,England,173,67,28,右脚,偶尔,中,稳定,高,20250630,6,Hole Player,75,82,84,81,75,69,69,57,71,72,74,80,72,52,63,81,76,52,55,62,58
Eberechi Eze,EZE,105750684877018,特殊卡,English League Selection 24 Apr '25,AMF,Crystal Palace RB,382,Queen's Park BW,1327,204,England,178,67,28,右脚,偶尔,中,稳定,低,20250630,6,Hole Player,72,79,83,81,75,67,74,52,73,74,77,79,75,54,69,79,75,53,55,62,58
Eberechi Eze,EZE,105665322402010,特殊卡,English League Selection Attackers 6 May '24,AMF,Crystal Palace RB,382,Queen's Park BW,1327,204,England,173,67,28,右脚,偶尔,中,稳定,高,20250630,6,Hole Player,73,83,84,84,75,69,69,57,71,72,74,80,72,52,63,81,76,52,55,62,58
Eberechi Eze,EZE,106765907771610,特殊卡,Magnetic Feet 29 Jan '26,AMF,Arsenal FC,101,Queen's Park BW,1327,204,England,178,67,28,右脚,偶尔,高,稳定,低,20250630,6,Hole Player,75,80,82,80,79,76,77,58,75,77,79,81,80,56,71,76,74,55,60,65,62
Eberechi Eze,EZE,55067386429658,特殊卡,POTS English League 23-24,AMF,Crystal Palace RB,382,Queen's Park BW,1327,204,England,178,67,28,右脚,偶尔,高,稳定,低,20250630,6,Hole Player,80,88,92,90,83,73,80,56,70,75,87,90,85,56,75,89,81,53,56,62,58
Eberechi Eze,EZE,52785416618202,特殊卡,POTW 13 Apr '23,CMF,Crystal Palace RB,382,Queen's Park BW,1327,204,England,173,67,28,右脚,偶尔,中,稳定,高,20250630,6,Hole Player,82,87,93,90,84,78,81,56,81,79,85,90,84,63,75,90,84,61,66,66,69
Eberechi Eze,EZE,52885811478746,特殊卡,POTW 15 May '25,AMF,Crystal Palace RB,382,Queen's Park BW,1327,204,England,178,67,28,右脚,偶尔,中,稳定,低,20250630,6,Hole Player,81,88,89,87,83,76,80,56,80,81,85,88,84,58,69,86,83,59,61,67,62
Eberechi Eze,EZE,52786490360026,特殊卡,POTW 18 May '23,CMF,Crystal Palace RB,382,Queen's Park BW,1327,204,England,173,67,28,右脚,偶尔,中,稳定,高,20250630,6,Hole Player,81,86,93,90,82,76,79,54,79,77,83,89,82,61,73,90,82,59,64,64,67
Eberechi Eze,EZE,52869436915930,特殊卡,POTW 25 Apr '24,SS,Crystal Palace RB,382,Queen's Park BW,1327,204,England,173,67,28,右脚,偶尔,中,稳定,高,20250630,5,Classic No. 10,82,89,87,88,82,75,78,60,75,76,83,85,76,55,69,85,85,55,58,66,61
Eberechi Eze,EZE,52898427945178,特殊卡,POTW 26 Feb '26,AMF,Arsenal FC,101,Queen's Park BW,1327,204,England,178,67,28,右脚,偶尔,中,稳定,低,20250630,6,Hole Player,84,88,89,89,84,74,83,57,78,80,87,88,86,54,74,87,83,56,60,65,63
Eberechi Eze,EZE,52891717058778,特殊卡,POTW 27 Nov '25,AMF,Arsenal FC,101,Queen's Park BW,1327,204,England,178,67,28,右脚,偶尔,高,稳定,低,20250630,6,Hole Player,82,89,88,88,80,74,82,58,76,80,87,88,84,57,74,87,84,60,61,66,63
Eberechi Eze,EZE,52890643316954,特殊卡,POTW 30 Oct '25,AMF,Arsenal FC,101,Queen's Park BW,1327,204,England,178,67,28,右脚,偶尔,中,稳定,低,20250630,6,Hole Player,80,89,89,88,84,78,82,56,75,75,87,88,85,56,75,89,83,58,60,66,60
Davide Frattesi,FRATTESI,114835,标准卡,标准卡,CMF,S.S. Lazio,122,Roma GR,125,215,Italy,178,74,27,右脚,经常,很高,标准,中,20220630,6,Hole Player,74,78,72,74,76,73,67,67,68,71,76,74,76,69,72,68,80,63,68,70,63
Davide Frattesi,FRATTESI,105794439856275,特殊卡,Clutch Players 4 Dec '25,CMF,Internazionale Milano,119,Roma GR,125,215,Italy,178,74,27,右脚,经常,很高,标准,中,20220630,6,Hole Player,74,77,76,76,76,70,68,64,65,68,75,76,77,66,74,74,77,60,65,68,68
Davide Frattesi,FRATTESI,105772965019795,特殊卡,Daily Bonus,CMF,Italy,12,Roma GR,125,215,Italy,178,74,27,右脚,经常,很高,标准,高,20220630,6,Hole Player,74,78,74,75,75,73,70,68,67,70,76,74,75,70,76,74,80,63,67,70,65
Davide Frattesi,FRATTESI,105631499534483,特殊卡,Internazionale Milano Pack 19 Oct '23,CMF,Internazionale Milano,119,Roma GR,125,215,Italy,178,74,27,右脚,很少,中,稳定,高,20220630,6,Hole Player,72,79,77,75,79,72,68,66,60,62,72,76,71,69,66,73,79,64,68,74,72
Davide Frattesi,FRATTESI,105738605281427,特殊卡,Internazionale Milano Pack 6 Mar '25,CMF,Internazionale Milano,119,Roma GR,125,215,Italy,178,74,27,右脚,经常,很高,标准,高,20220630,6,Hole Player,74,78,75,76,76,72,73,68,67,70,76,74,75,70,75,74,78,63,67,70,65
Davide Frattesi,FRATTESI,105874433622163,特殊卡,Italian League Selection 8 Oct '26,CMF,S.S. Lazio,122,Roma GR,125,215,Italy,178,74,27,右脚,经常,很高,标准,中,20220630,6,Hole Player,71,77,76,77,77,72,68,64,65,68,76,77,76,66,76,76,78,64,65,69,69
Davide Frattesi,FRATTESI,105699145269395,特殊卡,Italian League Selection Midfielders 26 Aug '24,CMF,Internazionale Milano,119,Roma GR,125,215,Italy,178,74,27,右脚,很少,中,稳定,高,20220630,6,Hole Player,72,78,73,74,77,72,71,67,60,63,75,77,73,68,70,74,82,64,68,73,67
Davide Frattesi,FRATTESI,105638210420883,特殊卡,Italian League Selection Midfielders 4 Dec '23,CMF,Internazionale Milano,119,Roma GR,125,215,Italy,178,74,27,右脚,很少,中,稳定,高,20220630,6,Hole Player,72,79,77,75,77,73,69,67,60,63,73,80,72,70,67,74,80,65,69,75,73
Davide Frattesi,FRATTESI,387113187131539,特殊卡,Italian League Selection Midfielders 4 Dec '23,CMF,Internazionale Milano,119,Roma GR,125,215,Italy,178,74,27,右脚,很少,中,稳定,高,20220630,6,Hole Player,72,79,77,75,77,73,69,67,60,63,73,80,72,70,67,74,80,65,69,75,73
Davide Frattesi,FRATTESI,105573785911443,特殊卡,League Selection Italian 2 Mar '23,CMF,Sassuolo NV,1919,Roma GR,125,215,Italy,184,74,27,右脚,很少,中,稳定,高,20220630,6,Hole Player,67,83,75,74,77,72,66,62,60,62,73,75,72,67,63,70,75,63,67,73,72
Davide Frattesi,FRATTESI,105781823389843,特殊卡,National Team Selection Italy 1 Sep '25,CMF,Italy,12,Roma GR,125,215,Italy,178,74,27,右脚,经常,很高,标准,中,20220630,6,Hole Player,74,78,72,74,76,73,67,67,68,71,76,74,76,69,75,68,80,63,68,70,63
Davide Frattesi,FRATTESI,52851720175763,特殊卡,POTW 11 Jan '24,CMF,Internazionale Milano,119,Roma GR,125,215,Italy,178,74,27,右脚,很少,高,稳定,高,20220630,6,Hole Player,77,89,81,81,88,78,77,71,64,67,77,81,76,74,72,78,87,70,74,79,77
Davide Frattesi,FRATTESI,105590697345171,特殊卡,Summer Tour in Japan 14 Aug '23,CMF,Internazionale Milano,119,Roma GR,125,215,Italy,184,74,27,右脚,很少,中,稳定,高,20220630,6,Hole Player,70,80,75,74,77,72,66,62,60,62,73,75,72,67,63,70,75,63,67,73,72
Michel Platini,PLATINI,88033407797983,特殊卡,France 1984,AMF,France,8,,,208,France,179,73,29,右脚,经常,很高,稳定,低,,6,Hole Player,72,82,84,84,80,72,80,71,83,83,77,80,79,70,68,83,73,44,43,50,48
Michel Platini,PLATINI,88039044942559,特殊卡,France 1984,AMF,France,8,,,208,France,179,73,29,右脚,经常,很高,稳定,中,,6,Hole Player,75,81,82,81,79,77,80,74,78,80,80,83,80,73,74,81,73,45,42,49,48
Michel Platini,PLATINI,88035018410719,特殊卡,France 1984 feat. Captain Tsubasa,AMF,France,8,,,208,France,179,73,29,右脚,经常,很高,稳定,低,,6,Hole Player,72,82,84,84,80,72,80,71,83,83,77,80,79,70,68,83,73,44,43,50,48
Michel Platini,PLATINI,88032065620703,特殊卡,Piemonte BN 83-84,AMF,Piemonte BN,120,,,208,France,179,73,29,右脚,经常,很高,稳定,低,,14,Creative Playmaker,74,83,84,84,80,75,78,68,81,83,77,79,78,69,68,83,71,45,44,50,48
Michel Platini,PLATINI,88036092152543,特殊卡,Piemonte BN 84-85,AMF,Piemonte BN,120,,,208,France,179,73,30,右脚,经常,很高,稳定,低,,5,Classic No. 10,73,81,84,84,80,76,79,75,80,81,79,81,81,72,72,80,73,44,41,48,47
Michel Platini,PLATINI,88040387119839,特殊卡,Piemonte BN 85-86,AMF,Piemonte BN,120,,,208,France,179,73,30,右脚,经常,很高,稳定,中,,14,Creative Playmaker,74,79,83,84,80,78,80,72,76,82,80,84,78,73,74,82,74,43,41,46,44
Ousseynou Ba,BA,118102,标准卡,标准卡,CB,RAMS Başakşehir FK,1995,,,83,Senegal,192,84,31,右脚,很少,中,标准,低,20230630,0,Basic,53,61,54,54,62,58,52,77,51,55,65,62,58,73,79,60,67,70,72,77,72
Ousseynou Ba,BA,105630962666838,特殊卡,Süper Lig Selection 19 Oct '23,CB,RAMS Başakşehir FK,1995,,,83,Senegal,192,84,31,右脚,很少,中,标准,低,20230630,9,The Destroyer,54,61,55,57,63,61,53,83,52,56,66,61,63,75,83,61,67,71,76,80,77
Ohashi Yuki,OHASHI,126900,标准卡,标准卡,CF,Blackburn BW,176,Shonan Bellmare,165,13,Japan,181,76,30,右脚,偶尔,高,标准,低,,3,Fox in the Box,74,68,65,60,62,56,73,75,58,53,77,73,72,65,66,68,71,54,49,69,63
Ohashi Yuki,OHASHI,105651632205748,特殊卡,J.LEAGUE Selection 29 Feb '24,CF,Sanfrecce Hiroshima,159,Shonan Bellmare,165,13,Japan,181,76,30,右脚,偶尔,高,标准,低,,3,Fox in the Box,75,70,66,62,63,58,73,76,59,55,77,74,71,68,65,66,67,56,51,70,64
Ohashi Yuki,OHASHI,105764106661812,特殊卡,Japanese Stars 5 Jun '25,CF,Blackburn BW,176,Shonan Bellmare,165,13,Japan,181,76,30,右脚,偶尔,高,标准,低,,3,Fox in the Box,74,72,71,68,63,58,73,76,59,55,77,74,75,68,67,66,74,56,51,70,64
Ohashi Yuki,OHASHI,53878754242484,特殊卡,POTM J.LEAGUE Division1 16 Mar '23,CF,Shonan Bellmare,165,Shonan Bellmare,165,13,Japan,180,73,30,右脚,很少,中,标准,低,,1,Goal Poacher,74,73,77,74,72,68,79,78,68,68,83,82,80,79,79,78,85,69,74,81,73
Ohashi Yuki,OHASHI,53967606378420,特殊卡,POTM J1 LEAGUE 11 Apr '24,AMF,Sanfrecce Hiroshima,159,Shonan Bellmare,165,13,Japan,181,76,30,右脚,偶尔,高,标准,低,,6,Hole Player,88,85,76,75,79,70,85,82,64,60,84,81,77,74,71,75,74,61,56,76,70
Ohashi Yuki,OHASHI,53945057800116,特殊卡,POTM J1 LEAGUE 5 Oct '23,CF,Shonan Bellmare,165,Shonan Bellmare,165,13,Japan,181,76,30,右脚,偶尔,很高,标准,低,,13,Deep-Lying Forward,81,77,70,66,68,62,86,76,63,59,83,80,82,75,71,71,72,60,55,75,69
