位置,种类,区域,Pavard,Eze,Frattesi,Platini,Ba,Ohashi,标记
对照,eFHUB等级上限,,27,32,32,33,22,1,不是文件里读到的
对照,点数(等级-1)*2,,52,62,62,64,42,0,不是文件里读到的
对照,名字 Pavard,,バンジャマン パヴァール | PAVARD | 本杰明·帕瓦尔 | PAVARD | Benjamin Pavard,,,,,,
对照,名字 Eze,,エベレチ エゼ | EZE | 埃贝雷奇·埃泽 | EZE | Eberechi Eze,,,,,,
对照,名字 Frattesi,,ダヴィデ フラッテージ | FRATTESI | 达维德·弗拉泰西 | FRATTESI | Davide Frattesi,,,,,,
对照,名字 Platini,,ミシェル プラティニ | PLATINI | 米歇尔·普拉蒂尼 | PLATINI | Michel Platini,,,,,,
对照,名字 Ba,,ウセーヌ バ | BA | 瓦塞努·巴 | BA | Ousseynou Ba,,,,,,
对照,名字 Ohashi,,大橋 祐紀 | OHASHI | 大桥祐纪 | OHASHI | Ohashi Yuki,,,,,,
字段,位置,,CB,AMF,CMF,AMF,CB,AMF,
字段,球队,,119,101,122,120,1995,159,
字段,身高,,186,178,178,179,192,181,异同和等级一样
字段,体重,,81,67,74,73,84,76,
字段,年龄,,30,28,27,30,31,30,
字段,惯用脚,,0,0,0,0,0,0,六人相同
字段,逆足频率,,0,2,3,3,1,2,
字段,逆足精度,,1,1,3,3,1,2,
字段,状态,,1,2,1,2,1,1,
字段,抗伤,,0,0,1,1,0,0,
字段,合同,,20240630,20250630,20220630,0,20230630,0,
字段,打法,,10,14,6,14,9,6,
字段,offensiveAwareness,,57,71,71,74,54,88,异同和等级一样
字段,ballControl,,69,78,77,79,61,85,
字段,dribbling,,64,81,76,83,55,76,
字段,tightPossession,,64,80,77,84,57,75,
字段,lowPass,,72,77,77,80,63,79,异同和等级一样
字段,loftedPass,,70,73,72,78,61,70,
字段,finishing,,55,76,68,80,53,85,
字段,heading,,67,56,64,72,83,82,
字段,setPieceTaking,,60,70,65,76,52,64,
字段,curl,,63,72,68,82,56,60,
字段,speed,,75,76,76,80,66,84,异同和等级一样
字段,acceleration,,72,80,77,84,61,81,
字段,kickingPower,,70,78,76,78,63,77,
字段,jump,,77,54,66,73,75,74,
字段,physicalContact,,76,72,76,74,83,71,
字段,balance,,64,78,76,82,61,75,
字段,stamina,,77,74,78,74,67,74,
字段,defensiveAwareness,,75,53,64,43,71,61,
字段,ballWinning,,75,58,65,41,76,56,
字段,aggression,,74,63,69,46,80,76,
字段,defensiveEngagement,,77,61,69,44,77,70,
0,u8,,213,47,125,0,0,165,
1,u8,,0,5,0,0,0,0,
2,u8,,0,0,0,0,0,0,六人相同
3,u8,,0,0,0,0,0,0,六人相同
4,u8,,0,0,0,0,0,0,六人相同
5,u8,,0,0,0,0,0,0,六人相同
6,u8,,0,0,0,0,0,0,六人相同
7,u8,,0,0,0,0,0,0,六人相同
8,u8,球员编号,48,218,147,223,86,180,
9,u8,球员编号,153,192,192,10,205,239,异同和等级一样
10,u8,球员编号,1,1,1,0,1,1,
11,u8,球员编号,208,112,208,128,32,80,
12,u8,球员编号,74,58,74,18,18,21,
13,u8,球员编号,96,96,96,80,96,49,
14,u8,球员编号,0,0,0,0,0,0,六人相同
15,u8,球员编号,0,0,0,0,0,0,六人相同
16,u8,球队,119,101,122,120,203,159,
17,u8,球队,0,0,0,0,7,0,
18,u8,球队,0,0,0,0,0,0,六人相同
19,u8,球队,0,0,0,0,0,0,六人相同
20,u8,,246,6,214,0,230,0,
21,u8,,216,0,138,0,177,0,
22,u8,,52,53,52,0,52,0,
23,u8,,1,105,1,0,1,0,
24,u8,,0,0,0,0,0,0,六人相同
25,u8,,0,0,0,0,0,0,六人相同
26,u8,,0,0,0,0,0,0,六人相同
27,u8,,0,16,0,0,0,0,
28,u8,,0,72,96,0,248,200,
29,u8,,77,196,103,0,42,50,
30,u8,,8,7,1,0,0,0,
31,u8,,86,78,78,79,92,81,异同和等级一样
32,u8,,0,0,0,0,0,0,六人相同
33,u8,,0,0,0,0,0,0,六人相同
34,u8,,0,0,0,0,0,0,六人相同
35,u8,,51,37,44,43,54,46,
36,u8,,0,0,0,136,0,0,
37,u8,,0,0,0,0,0,0,六人相同
38,u8,,128,128,128,176,0,0,
39,u8,,72,8,8,11,64,0,异同和等级一样
40,u8,,0,80,0,215,0,0,
41,u8,,160,152,174,160,166,26,
42,u8,,221,89,137,1,4,8,
43,u8,,16,32,48,32,24,0,
44,u8,,1,125,3,244,1,13,
45,u8,,0,0,0,0,0,0,六人相同
46,u8,,148,158,153,164,76,152,
47,u8,,146,147,145,35,66,113,
48,u8,,222,102,36,230,215,101,
49,u8,,216,99,86,112,87,213,
50,u8,,109,66,98,130,173,170,
51,u8,,37,14,26,33,35,34,
52,u8,,0,0,0,0,0,0,六人相同
53,u8,,112,0,192,160,0,64,
54,u8,,141,146,145,162,105,177,
55,u8,,30,64,0,0,128,64,
56,u8,,35,18,25,1,36,16,
57,u8,,0,0,0,0,0,0,六人相同
58,u8,,0,0,0,0,0,0,六人相同
59,u8,,37,162,230,226,91,162,
60,u8,,32,104,37,236,213,41,
61,u8,,22,250,249,42,227,9,
62,u8,,97,153,145,170,84,143,
63,u8,,98,151,157,70,40,100,
64,u8,,36,96,100,34,235,223,
65,u8,,248,73,201,138,213,217,
66,u8,,120,134,129,154,84,122,
67,u8,,20,18,81,84,21,20,
68,u8,,37,21,93,4,101,222,
69,u8,,22,138,89,139,20,136,
70,u8,,8,8,32,4,192,192,
71,u8,,85,83,67,113,56,20,
72,u8,,69,165,93,172,68,104,
73,u8,,2,164,0,0,2,72,
74,u8,,6,80,4,128,5,128,
75,u8,,0,32,1,2,64,64,
76,u8,,20,8,176,32,0,32,
77,u8,,0,85,0,96,0,0,
78,u8,,65,2,2,1,1,1,
79,u8,,176,0,0,0,176,0,
80,u8,,128,128,32,96,0,128,
81,u8,,0,12,8,8,0,8,
82,u8,,32,128,64,0,0,64,
83,u8,,16,64,64,64,0,8,
84,u8,,4,56,184,56,0,0,
85,u8,,1,0,0,0,1,0,
86,u8,,0,0,0,0,0,0,六人相同
87,u8,,0,0,0,0,0,0,六人相同
88,u8,名字,227,227,227,227,227,229,
89,u8,名字,131,130,131,131,130,164,
90,u8,名字,144,168,128,159,166,167,
91,u8,名字,227,227,227,227,227,230,
92,u8,名字,131,131,131,130,130,169,
93,u8,名字,179,153,180,183,187,139,
94,u8,名字,227,227,227,227,227,32,
95,u8,名字,130,131,130,130,131,231,
96,u8,名字,184,172,163,167,188,165,
97,u8,名字,227,227,227,227,227,144,
98,u8,名字,131,131,131,131,131,231,
99,u8,名字,163,129,135,171,140,180,
100,u8,名字,227,32,32,32,32,128,
101,u8,名字,131,227,227,227,227,0,
102,u8,名字,158,130,131,131,131,0,
103,u8,名字,227,168,149,151,144,0,
104,u8,名字,131,227,227,227,0,0,
105,u8,名字,179,130,131,131,0,0,
106,u8,名字,32,188,169,169,0,0,
107,u8,名字,227,0,227,227,0,0,
108,u8,名字,131,0,131,131,0,0,
109,u8,名字,145,0,131,134,0,0,
110,u8,名字,227,0,227,227,0,0,
111,u8,名字,131,0,131,130,0,0,
112,u8,名字,180,0,134,163,0,0,
113,u8,名字,227,0,227,227,0,0,
114,u8,名字,130,0,131,131,0,0,
115,u8,名字,161,0,188,139,0,0,
116,u8,名字,227,0,227,0,0,0,
117,u8,名字,131,0,130,0,0,0,
118,u8,名字,188,0,184,0,0,0,
119,u8,名字,227,0,0,0,0,0,
120,u8,名字,131,0,0,0,0,0,
121,u8,名字,171,0,0,0,0,0,
122,u8,名字,0,0,0,0,0,0,六人相同
123,u8,名字,0,0,0,0,0,0,六人相同
124,u8,名字,0,0,0,0,0,0,六人相同
125,u8,名字,0,0,0,0,0,0,六人相同
126,u8,名字,0,0,0,0,0,0,六人相同
127,u8,名字,0,0,0,0,0,0,六人相同
128,u8,名字,0,0,0,0,0,0,六人相同
129,u8,名字,0,0,0,0,0,0,六人相同
130,u8,名字,0,0,0,0,0,0,六人相同
131,u8,名字,0,0,0,0,0,0,六人相同
132,u8,名字,0,0,0,0,0,0,六人相同
133,u8,名字,0,0,0,0,0,0,六人相同
134,u8,名字,0,0,0,0,0,0,六人相同
135,u8,名字,0,0,0,0,0,0,六人相同
136,u8,名字,0,0,0,0,0,0,六人相同
137,u8,名字,0,0,0,0,0,0,六人相同
138,u8,名字,0,0,0,0,0,0,六人相同
139,u8,名字,0,0,0,0,0,0,六人相同
140,u8,名字,0,0,0,0,0,0,六人相同
141,u8,名字,0,0,0,0,0,0,六人相同
142,u8,名字,0,0,0,0,0,0,六人相同
143,u8,名字,0,0,0,0,0,0,六人相同
144,u8,名字,0,0,0,0,0,0,六人相同
145,u8,名字,0,0,0,0,0,0,六人相同
146,u8,名字,0,0,0,0,0,0,六人相同
147,u8,名字,0,0,0,0,0,0,六人相同
148,u8,名字,0,0,0,0,0,0,六人相同
149,u8,名字,80,69,70,80,66,79,
150,u8,名字,65,90,82,76,65,72,
151,u8,名字,86,69,65,65,0,65,
152,u8,名字,65,0,84,84,0,83,
153,u8,名字,82,0,84,73,0,72,
154,u8,名字,68,0,69,78,0,73,
155,u8,名字,0,0,83,73,0,0,
156,u8,名字,0,0,73,0,0,0,
157,u8,名字,0,0,0,0,0,0,六人相同
158,u8,名字,0,0,0,0,0,0,六人相同
159,u8,名字,0,0,0,0,0,0,六人相同
160,u8,名字,0,0,0,0,0,0,六人相同
161,u8,名字,0,0,0,0,0,0,六人相同
162,u8,名字,0,0,0,0,0,0,六人相同
163,u8,名字,0,0,0,0,0,0,六人相同
164,u8,名字,0,0,0,0,0,0,六人相同
165,u8,名字,0,0,0,0,0,0,六人相同
166,u8,名字,0,0,0,0,0,0,六人相同
167,u8,名字,0,0,0,0,0,0,六人相同
168,u8,名字,0,0,0,0,0,0,六人相同
169,u8,名字,0,0,0,0,0,0,六人相同
170,u8,名字,0,0,0,0,0,0,六人相同
171,u8,名字,0,0,0,0,0,0,六人相同
172,u8,名字,0,0,0,0,0,0,六人相同
173,u8,名字,0,0,0,0,0,0,六人相同
174,u8,名字,0,0,0,0,0,0,六人相同
175,u8,名字,0,0,0,0,0,0,六人相同
176,u8,名字,0,0,0,0,0,0,六人相同
177,u8,名字,0,0,0,0,0,0,六人相同
178,u8,名字,0,0,0,0,0,0,六人相同
179,u8,名字,0,0,0,0,0,0,六人相同
180,u8,名字,0,0,0,0,0,0,六人相同
181,u8,名字,0,0,0,0,0,0,六人相同
182,u8,名字,0,0,0,0,0,0,六人相同
183,u8,名字,0,0,0,0,0,0,六人相同
184,u8,名字,0,0,0,0,0,0,六人相同
185,u8,名字,0,0,0,0,0,0,六人相同
186,u8,名字,0,0,0,0,0,0,六人相同
187,u8,名字,0,0,0,0,0,0,六人相同
188,u8,名字,0,0,0,0,0,0,六人相同
189,u8,名字,0,0,0,0,0,0,六人相同
190,u8,名字,0,0,0,0,0,0,六人相同
191,u8,名字,0,0,0,0,0,0,六人相同
192,u8,名字,0,0,0,0,0,0,六人相同
193,u8,名字,0,0,0,0,0,0,六人相同
194,u8,名字,0,0,0,0,0,0,六人相同
195,u8,名字,0,0,0,0,0,0,六人相同
196,u8,名字,0,0,0,0,0,0,六人相同
197,u8,名字,0,0,0,0,0,0,六人相同
198,u8,名字,0,0,0,0,0,0,六人相同
199,u8,名字,0,0,0,0,0,0,六人相同
200,u8,名字,0,0,0,0,0,0,六人相同
201,u8,名字,0,0,0,0,0,0,六人相同
202,u8,名字,0,0,0,0,0,0,六人相同
203,u8,名字,0,0,0,0,0,0,六人相同
204,u8,名字,0,0,0,0,0,0,六人相同
205,u8,名字,0,0,0,0,0,0,六人相同
206,u8,名字,0,0,0,0,0,0,六人相同
207,u8,名字,0,0,0,0,0,0,六人相同
208,u8,名字,0,0,0,0,0,0,六人相同
209,u8,名字,0,0,0,0,0,0,六人相同
210,u8,名字,230,229,232,231,231,229,
211,u8,名字,156,159,190,177,147,164,
212,u8,名字,172,131,190,179,166,167,
213,u8,名字,230,232,231,230,229,230,
214,u8,名字,157,180,187,173,161,161,
215,u8,名字,176,157,180,135,158,165,
216,u8,名字,230,233,229,229,229,231,
217,u8,名字,152,155,190,176,138,165,
218,u8,名字,142,183,183,148,170,144,异同和等级一样
219,u8,名字,194,229,194,194,194,231,
220,u8,名字,183,165,183,183,183,186,
221,u8,名字,229,135,229,230,229,170,
222,u8,名字,184,194,188,153,183,0,
223,u8,名字,149,183,151,174,180,0,
224,u8,名字,231,229,230,230,0,0,
225,u8,名字,147,159,139,139,0,0,
226,u8,名字,166,131,137,137,0,0,
227,u8,名字,229,230,230,232,0,0,
228,u8,名字,176,179,179,146,0,0,
229,u8,名字,148,189,176,130,0,0,
230,u8,名字,0,0,232,229,0,0,
231,u8,名字,0,0,165,176,0,0,
232,u8,名字,0,0,191,188,0,0,
233,u8,名字,0,0,0,0,0,0,六人相同
234,u8,名字,0,0,0,0,0,0,六人相同
235,u8,名字,0,0,0,0,0,0,六人相同
236,u8,名字,0,0,0,0,0,0,六人相同
237,u8,名字,0,0,0,0,0,0,六人相同
238,u8,名字,0,0,0,0,0,0,六人相同
239,u8,名字,0,0,0,0,0,0,六人相同
240,u8,名字,0,0,0,0,0,0,六人相同
241,u8,名字,0,0,0,0,0,0,六人相同
242,u8,名字,0,0,0,0,0,0,六人相同
243,u8,名字,0,0,0,0,0,0,六人相同
244,u8,名字,0,0,0,0,0,0,六人相同
245,u8,名字,0,0,0,0,0,0,六人相同
246,u8,名字,0,0,0,0,0,0,六人相同
247,u8,名字,0,0,0,0,0,0,六人相同
248,u8,名字,0,0,0,0,0,0,六人相同
249,u8,名字,0,0,0,0,0,0,六人相同
250,u8,名字,0,0,0,0,0,0,六人相同
251,u8,名字,0,0,0,0,0,0,六人相同
252,u8,名字,0,0,0,0,0,0,六人相同
253,u8,名字,0,0,0,0,0,0,六人相同
254,u8,名字,0,0,0,0,0,0,六人相同
255,u8,名字,0,0,0,0,0,0,六人相同
256,u8,名字,0,0,0,0,0,0,六人相同
257,u8,名字,0,0,0,0,0,0,六人相同
258,u8,名字,0,0,0,0,0,0,六人相同
259,u8,名字,0,0,0,0,0,0,六人相同
260,u8,名字,0,0,0,0,0,0,六人相同
261,u8,名字,0,0,0,0,0,0,六人相同
262,u8,名字,0,0,0,0,0,0,六人相同
263,u8,名字,0,0,0,0,0,0,六人相同
264,u8,名字,0,0,0,0,0,0,六人相同
265,u8,名字,0,0,0,0,0,0,六人相同
266,u8,名字,0,0,0,0,0,0,六人相同
267,u8,名字,0,0,0,0,0,0,六人相同
268,u8,名字,0,0,0,0,0,0,六人相同
269,u8,名字,0,0,0,0,0,0,六人相同
270,u8,名字,0,0,0,0,0,0,六人相同
271,u8,名字,80,69,70,80,66,79,
272,u8,名字,65,90,82,76,65,72,
273,u8,名字,86,69,65,65,0,65,
274,u8,名字,65,0,84,84,0,83,
275,u8,名字,82,0,84,73,0,72,
276,u8,名字,68,0,69,78,0,73,
277,u8,名字,0,0,83,73,0,0,
278,u8,名字,0,0,73,0,0,0,
279,u8,名字,0,0,0,0,0,0,六人相同
280,u8,名字,0,0,0,0,0,0,六人相同
281,u8,名字,0,0,0,0,0,0,六人相同
282,u8,名字,0,0,0,0,0,0,六人相同
283,u8,名字,0,0,0,0,0,0,六人相同
284,u8,名字,0,0,0,0,0,0,六人相同
285,u8,名字,0,0,0,0,0,0,六人相同
286,u8,名字,0,0,0,0,0,0,六人相同
287,u8,名字,0,0,0,0,0,0,六人相同
288,u8,名字,0,0,0,0,0,0,六人相同
289,u8,名字,0,0,0,0,0,0,六人相同
290,u8,名字,0,0,0,0,0,0,六人相同
291,u8,名字,0,0,0,0,0,0,六人相同
292,u8,名字,0,0,0,0,0,0,六人相同
293,u8,名字,0,0,0,0,0,0,六人相同
294,u8,名字,0,0,0,0,0,0,六人相同
295,u8,名字,0,0,0,0,0,0,六人相同
296,u8,名字,0,0,0,0,0,0,六人相同
297,u8,名字,0,0,0,0,0,0,六人相同
298,u8,名字,0,0,0,0,0,0,六人相同
299,u8,名字,0,0,0,0,0,0,六人相同
300,u8,名字,0,0,0,0,0,0,六人相同
301,u8,名字,0,0,0,0,0,0,六人相同
302,u8,名字,0,0,0,0,0,0,六人相同
303,u8,名字,0,0,0,0,0,0,六人相同
304,u8,名字,0,0,0,0,0,0,六人相同
305,u8,名字,0,0,0,0,0,0,六人相同
306,u8,名字,0,0,0,0,0,0,六人相同
307,u8,名字,0,0,0,0,0,0,六人相同
308,u8,名字,0,0,0,0,0,0,六人相同
309,u8,名字,0,0,0,0,0,0,六人相同
310,u8,名字,0,0,0,0,0,0,六人相同
311,u8,名字,0,0,0,0,0,0,六人相同
312,u8,名字,0,0,0,0,0,0,六人相同
313,u8,名字,0,0,0,0,0,0,六人相同
314,u8,名字,0,0,0,0,0,0,六人相同
315,u8,名字,0,0,0,0,0,0,六人相同
316,u8,名字,0,0,0,0,0,0,六人相同
317,u8,名字,0,0,0,0,0,0,六人相同
318,u8,名字,0,0,0,0,0,0,六人相同
319,u8,名字,0,0,0,0,0,0,六人相同
320,u8,名字,0,0,0,0,0,0,六人相同
321,u8,名字,0,0,0,0,0,0,六人相同
322,u8,名字,0,0,0,0,0,0,六人相同
323,u8,名字,0,0,0,0,0,0,六人相同
324,u8,名字,0,0,0,0,0,0,六人相同
325,u8,名字,0,0,0,0,0,0,六人相同
326,u8,名字,0,0,0,0,0,0,六人相同
327,u8,名字,0,0,0,0,0,0,六人相同
328,u8,名字,0,0,0,0,0,0,六人相同
329,u8,名字,0,0,0,0,0,0,六人相同
330,u8,名字,0,0,0,0,0,0,六人相同
331,u8,名字,0,0,0,0,0,0,六人相同
332,u8,名字,66,69,68,77,79,79,
333,u8,名字,101,98,97,105,117,104,
334,u8,名字,110,101,118,99,115,97,
335,u8,名字,106,114,105,104,115,115,
336,u8,名字,97,101,100,101,101,104,
337,u8,名字,109,99,101,108,121,105,
338,u8,名字,105,104,32,32,110,32,
339,u8,名字,110,105,70,80,111,89,
340,u8,名字,32,32,114,108,117,117,
341,u8,名字,80,69,97,97,32,107,
342,u8,名字,97,122,116,116,66,105,
343,u8,名字,118,101,116,105,97,0,
344,u8,名字,97,0,101,110,0,0,
345,u8,名字,114,0,115,105,0,0,
346,u8,名字,100,0,105,0,0,0,
347,u8,名字,0,0,0,0,0,0,六人相同
348,u8,名字,0,0,0,0,0,0,六人相同
349,u8,名字,0,0,0,0,0,0,六人相同
350,u8,名字,0,0,0,0,0,0,六人相同
351,u8,名字,0,0,0,0,0,0,六人相同
352,u8,名字,0,0,0,0,0,0,六人相同
353,u8,名字,0,0,0,0,0,0,六人相同
354,u8,名字,0,0,0,0,0,0,六人相同
355,u8,名字,0,0,0,0,0,0,六人相同
356,u8,名字,0,0,0,0,0,0,六人相同
357,u8,名字,0,0,0,0,0,0,六人相同
358,u8,名字,0,0,0,0,0,0,六人相同
359,u8,名字,0,0,0,0,0,0,六人相同
360,u8,名字,0,0,0,0,0,0,六人相同
361,u8,名字,0,0,0,0,0,0,六人相同
362,u8,名字,0,0,0,0,0,0,六人相同
363,u8,名字,0,0,0,0,0,0,六人相同
364,u8,名字,0,0,0,0,0,0,六人相同
365,u8,名字,0,0,0,0,0,0,六人相同
366,u8,名字,0,0,0,0,0,0,六人相同
367,u8,名字,0,0,0,0,0,0,六人相同
368,u8,名字,0,0,0,0,0,0,六人相同
369,u8,名字,0,0,0,0,0,0,六人相同
370,u8,名字,0,0,0,0,0,0,六人相同
371,u8,名字,0,0,0,0,0,0,六人相同
372,u8,名字,0,0,0,0,0,0,六人相同
373,u8,名字,0,0,0,0,0,0,六人相同
374,u8,名字,0,0,0,0,0,0,六人相同
375,u8,名字,0,0,0,0,0,0,六人相同
376,u8,名字,0,0,0,0,0,0,六人相同
377,u8,名字,0,0,0,0,0,0,六人相同
378,u8,名字,0,0,0,0,0,0,六人相同
379,u8,名字,0,0,0,0,0,0,六人相同
380,u8,名字,0,0,0,0,0,0,六人相同
381,u8,名字,0,0,0,0,0,0,六人相同
382,u8,名字,0,0,0,0,0,0,六人相同
383,u8,名字,0,0,0,0,0,0,六人相同
384,u8,名字,0,0,0,0,0,0,六人相同
385,u8,名字,0,0,0,0,0,0,六人相同
386,u8,名字,0,0,0,0,0,0,六人相同
387,u8,名字,0,0,0,0,0,0,六人相同
388,u8,名字,0,0,0,0,0,0,六人相同
389,u8,名字,0,0,0,0,0,0,六人相同
390,u8,名字,0,0,0,0,0,0,六人相同
391,u8,名字,0,0,0,0,0,0,六人相同
392,u8,名字,0,0,0,0,0,0,六人相同
393,u8,,0,0,0,0,0,0,六人相同
394,u8,,0,0,0,0,0,0,六人相同
395,u8,,0,0,0,0,0,0,六人相同
396,u8,,0,0,0,0,0,0,六人相同
397,u8,,0,0,0,0,0,0,六人相同
398,u8,,0,0,0,0,0,0,六人相同
399,u8,,0,0,0,0,0,0,六人相同
0,u16,,213,1327,125,0,0,165,
1,u16,,0,5,0,0,0,0,
2,u16,,0,0,0,0,0,0,六人相同
3,u16,,0,0,0,0,0,0,六人相同
4,u16,,0,0,0,0,0,0,六人相同
5,u16,,0,0,0,0,0,0,六人相同
6,u16,,0,0,0,0,0,0,六人相同
7,u16,球员编号,12288,55808,37632,57088,22016,46080,
8,u16,球员编号,39216,49370,49299,2783,52566,61364,
9,u16,球员编号,409,448,448,10,461,495,异同和等级一样
10,u16,球员编号,53249,28673,53249,32768,8193,20481,
11,u16,球员编号,19152,14960,19152,4736,4640,5456,
12,u16,球员编号,24650,24634,24650,20498,24594,12565,
13,u16,球员编号,96,96,96,80,96,49,
14,u16,球员编号,0,0,0,0,0,0,六人相同
15,u16,球员编号,30464,25856,31232,30720,51968,40704,
16,u16,球队,119,101,122,120,1995,159,
17,u16,球队,0,0,0,0,7,0,
18,u16,球队,0,0,0,0,0,0,六人相同
19,u16,球队,62976,1536,54784,0,58880,0,
20,u16,,55542,6,35542,0,45542,0,
21,u16,,13528,13568,13450,0,13489,0,
22,u16,,308,26933,308,0,308,0,
23,u16,,1,105,1,0,1,0,
24,u16,,0,0,0,0,0,0,六人相同
25,u16,,0,0,0,0,0,0,六人相同
26,u16,,0,4096,0,0,0,0,
27,u16,,0,18448,24576,0,63488,51200,
28,u16,,19712,50248,26464,0,11000,13000,
29,u16,,2125,1988,359,0,42,50,
30,u16,,22024,19975,19969,20224,23552,20736,
31,u16,,86,78,78,79,92,81,异同和等级一样
32,u16,,0,0,0,0,0,0,六人相同
33,u16,,0,0,0,0,0,0,六人相同
34,u16,,13056,9472,11264,11008,13824,11776,
35,u16,,51,37,44,34859,54,46,
36,u16,,0,0,0,136,0,0,
37,u16,,32768,32768,32768,45056,0,0,
38,u16,,18560,2176,2176,2992,16384,0,异同和等级一样
39,u16,,72,20488,8,55051,64,0,
40,u16,,40960,38992,44544,41175,42496,6656,
41,u16,,56736,22936,35246,416,1190,2074,
42,u16,,4317,8281,12425,8193,6148,8,
43,u16,,272,32032,816,62496,280,3328,
44,u16,,1,125,3,244,1,13,
45,u16,,37888,40448,39168,41984,19456,38912,
46,u16,,37524,37790,37273,9124,16972,29080,
47,u16,,56978,26259,9361,58915,55106,25969,
48,u16,,55518,25446,22052,28902,22487,54629,
49,u16,,28120,16995,25174,33392,44375,43733,
50,u16,,9581,3650,6754,8578,9133,8874,
51,u16,,37,14,26,33,35,34,
52,u16,,28672,0,49152,40960,0,16384,
53,u16,,36208,37376,37312,41632,26880,45376,
54,u16,,7821,16530,145,162,32873,16561,
55,u16,,8990,4672,6400,256,9344,4160,
56,u16,,35,18,25,1,36,16,
57,u16,,0,0,0,0,0,0,六人相同
58,u16,,9472,41472,58880,57856,23296,41472,
59,u16,,8229,26786,9702,60642,54619,10658,
60,u16,,5664,64104,63781,10988,58325,2345,
61,u16,,24854,39418,37369,43562,21731,36617,
62,u16,,25185,38809,40337,18090,10324,25743,
63,u16,,9314,24727,25757,8774,60200,57188,
64,u16,,63524,18784,51556,35362,54763,55775,
65,u16,,30968,34377,33225,39562,21717,31449,
66,u16,,5240,4742,20865,21658,5460,5242,
67,u16,,9492,5394,23889,1108,25877,56852,
68,u16,,5669,35349,22877,35588,5221,35038,
69,u16,,2070,2186,8281,1163,49172,49288,
70,u16,,21768,21256,17184,28932,14528,5312,
71,u16,,17749,42323,23875,44145,17464,26644,
72,u16,,581,42149,93,172,580,18536,
73,u16,,1538,20644,1024,32768,1282,32840,
74,u16,,6,8272,260,640,16389,16512,
75,u16,,5120,2080,45057,8194,64,8256,
76,u16,,20,21768,176,24608,0,32,
77,u16,,16640,597,512,352,256,256,
78,u16,,45121,2,2,1,45057,1,
79,u16,,32944,32768,8192,24576,176,32768,
80,u16,,128,3200,2080,2144,0,2176,
81,u16,,8192,32780,16392,8,0,16392,
82,u16,,4128,16512,16448,16384,0,2112,
83,u16,,1040,14400,47168,14400,0,8,
84,u16,,260,56,184,56,256,0,
85,u16,,1,0,0,0,1,0,
86,u16,,0,0,0,0,0,0,六人相同
87,u16,名字,58112,58112,58112,58112,58112,58624,
88,u16,名字,33763,33507,33763,33763,33507,42213,
89,u16,名字,36995,43138,32899,40835,42626,42916,
90,u16,名字,58256,58280,58240,58271,58278,59047,
91,u16,名字,33763,33763,33763,33507,33507,43494,
92,u16,名字,45955,39299,46211,46978,48002,35753,
93,u16,名字,58291,58265,58292,58295,58299,8331,
94,u16,名字,33507,33763,33507,33507,33763,59168,
95,u16,名字,47234,44163,41858,42882,48259,42471,
96,u16,名字,58296,58284,58275,58279,58300,37029,
97,u16,名字,33763,33763,33763,33763,33763,59280,
98,u16,名字,41859,33155,34691,43907,35971,46311,
99,u16,名字,58275,8321,8327,8363,8332,32948,
100,u16,名字,33763,58144,58144,58144,58144,128,
101,u16,名字,40579,33507,33763,33763,33763,0,
102,u16,名字,58270,43138,38275,38787,36995,0,
103,u16,名字,33763,58280,58261,58263,144,0,
104,u16,名字,45955,33507,33763,33763,0,0,
105,u16,名字,8371,48258,43395,43395,0,0,
106,u16,名字,58144,188,58281,58281,0,0,
107,u16,名字,33763,0,33763,33763,0,0,
108,u16,名字,37251,0,33667,34435,0,0,
109,u16,名字,58257,0,58243,58246,0,0,
110,u16,名字,33763,0,33763,33507,0,0,
111,u16,名字,46211,0,34435,41858,0,0,
112,u16,名字,58292,0,58246,58275,0,0,
113,u16,名字,33507,0,33763,33763,0,0,
114,u16,名字,41346,0,48259,35715,0,0,
115,u16,名字,58273,0,58300,139,0,0,
116,u16,名字,33763,0,33507,0,0,0,
117,u16,名字,48259,0,47234,0,0,0,
118,u16,名字,58300,0,184,0,0,0,
119,u16,名字,33763,0,0,0,0,0,
120,u16,名字,43907,0,0,0,0,0,
121,u16,名字,171,0,0,0,0,0,
122,u16,名字,0,0,0,0,0,0,六人相同
123,u16,名字,0,0,0,0,0,0,六人相同
124,u16,名字,0,0,0,0,0,0,六人相同
125,u16,名字,0,0,0,0,0,0,六人相同
126,u16,名字,0,0,0,0,0,0,六人相同
127,u16,名字,0,0,0,0,0,0,六人相同
128,u16,名字,0,0,0,0,0,0,六人相同
129,u16,名字,0,0,0,0,0,0,六人相同
130,u16,名字,0,0,0,0,0,0,六人相同
131,u16,名字,0,0,0,0,0,0,六人相同
132,u16,名字,0,0,0,0,0,0,六人相同
133,u16,名字,0,0,0,0,0,0,六人相同
134,u16,名字,0,0,0,0,0,0,六人相同
135,u16,名字,0,0,0,0,0,0,六人相同
136,u16,名字,0,0,0,0,0,0,六人相同
137,u16,名字,0,0,0,0,0,0,六人相同
138,u16,名字,0,0,0,0,0,0,六人相同
139,u16,名字,0,0,0,0,0,0,六人相同
140,u16,名字,0,0,0,0,0,0,六人相同
141,u16,名字,0,0,0,0,0,0,六人相同
142,u16,名字,0,0,0,0,0,0,六人相同
143,u16,名字,0,0,0,0,0,0,六人相同
144,u16,名字,0,0,0,0,0,0,六人相同
145,u16,名字,0,0,0,0,0,0,六人相同
146,u16,名字,0,0,0,0,0,0,六人相同
147,u16,名字,0,0,0,0,0,0,六人相同
148,u16,名字,20480,17664,17920,20480,16896,20224,
149,u16,名字,16720,23109,21062,19536,16706,18511,
150,u16,名字,22081,17754,16722,16716,65,16712,
151,u16,名字,16726,69,21569,21569,0,21313,
152,u16,名字,21057,0,21588,18772,0,18515,
153,u16,名字,17490,0,17748,20041,0,18760,
154,u16,名字,68,0,21317,18766,0,73,
155,u16,名字,0,0,18771,73,0,0,
156,u16,名字,0,0,73,0,0,0,
157,u16,名字,0,0,0,0,0,0,六人相同
158,u16,名字,0,0,0,0,0,0,六人相同
159,u16,名字,0,0,0,0,0,0,六人相同
160,u16,名字,0,0,0,0,0,0,六人相同
161,u16,名字,0,0,0,0,0,0,六人相同
162,u16,名字,0,0,0,0,0,0,六人相同
163,u16,名字,0,0,0,0,0,0,六人相同
164,u16,名字,0,0,0,0,0,0,六人相同
165,u16,名字,0,0,0,0,0,0,六人相同
166,u16,名字,0,0,0,0,0,0,六人相同
167,u16,名字,0,0,0,0,0,0,六人相同
168,u16,名字,0,0,0,0,0,0,六人相同
169,u16,名字,0,0,0,0,0,0,六人相同
170,u16,名字,0,0,0,0,0,0,六人相同
171,u16,名字,0,0,0,0,0,0,六人相同
172,u16,名字,0,0,0,0,0,0,六人相同
173,u16,名字,0,0,0,0,0,0,六人相同
174,u16,名字,0,0,0,0,0,0,六人相同
175,u16,名字,0,0,0,0,0,0,六人相同
176,u16,名字,0,0,0,0,0,0,六人相同
177,u16,名字,0,0,0,0,0,0,六人相同
178,u16,名字,0,0,0,0,0,0,六人相同
179,u16,名字,0,0,0,0,0,0,六人相同
180,u16,名字,0,0,0,0,0,0,六人相同
181,u16,名字,0,0,0,0,0,0,六人相同
182,u16,名字,0,0,0,0,0,0,六人相同
183,u16,名字,0,0,0,0,0,0,六人相同
184,u16,名字,0,0,0,0,0,0,六人相同
185,u16,名字,0,0,0,0,0,0,六人相同
186,u16,名字,0,0,0,0,0,0,六人相同
187,u16,名字,0,0,0,0,0,0,六人相同
188,u16,名字,0,0,0,0,0,0,六人相同
189,u16,名字,0,0,0,0,0,0,六人相同
190,u16,名字,0,0,0,0,0,0,六人相同
191,u16,名字,0,0,0,0,0,0,六人相同
192,u16,名字,0,0,0,0,0,0,六人相同
193,u16,名字,0,0,0,0,0,0,六人相同
194,u16,名字,0,0,0,0,0,0,六人相同
195,u16,名字,0,0,0,0,0,0,六人相同
196,u16,名字,0,0,0,0,0,0,六人相同
197,u16,名字,0,0,0,0,0,0,六人相同
198,u16,名字,0,0,0,0,0,0,六人相同
199,u16,名字,0,0,0,0,0,0,六人相同
200,u16,名字,0,0,0,0,0,0,六人相同
201,u16,名字,0,0,0,0,0,0,六人相同
202,u16,名字,0,0,0,0,0,0,六人相同
203,u16,名字,0,0,0,0,0,0,六人相同
204,u16,名字,0,0,0,0,0,0,六人相同
205,u16,名字,0,0,0,0,0,0,六人相同
206,u16,名字,0,0,0,0,0,0,六人相同
207,u16,名字,0,0,0,0,0,0,六人相同
208,u16,名字,0,0,0,0,0,0,六人相同
209,u16,名字,58880,58624,59392,59136,59136,58624,
210,u16,名字,40166,40933,48872,45543,37863,42213,
211,u16,名字,44188,33695,48830,46001,42643,42916,
212,u16,名字,59052,59523,59326,59059,58790,59047,
213,u16,名字,40422,46312,48103,44518,41445,41446,
214,u16,名字,45213,40372,46267,34733,40609,42401,
215,u16,名字,59056,59805,58804,58759,58782,59301,
216,u16,名字,39142,39913,48869,45285,35557,42471,
217,u16,名字,36504,47003,47038,38064,43658,37029,
218,u16,名字,49806,58807,49847,49812,49834,59280,
219,u16,名字,47042,42469,47042,47042,47042,47847,
220,u16,名字,58807,34725,58807,59063,58807,43706,
221,u16,名字,47333,49799,48357,39398,47077,170,
222,u16,名字,38328,47042,38844,44697,46263,0,
223,u16,名字,59285,58807,59031,59054,180,0,
224,u16,名字,37863,40933,35814,35814,0,0,
225,u16,名字,42643,33695,35211,35211,0,0,
226,u16,名字,58790,59011,59017,59529,0,0,
227,u16,名字,45285,46054,46054,37608,0,0,
228,u16,名字,38064,48563,45235,33426,0,0,
229,u16,名字,148,189,59568,58754,0,0,
230,u16,名字,0,0,42472,45285,0,0,
231,u16,名字,0,0,49061,48304,0,0,
232,u16,名字,0,0,191,188,0,0,
233,u16,名字,0,0,0,0,0,0,六人相同
234,u16,名字,0,0,0,0,0,0,六人相同
235,u16,名字,0,0,0,0,0,0,六人相同
236,u16,名字,0,0,0,0,0,0,六人相同
237,u16,名字,0,0,0,0,0,0,六人相同
238,u16,名字,0,0,0,0,0,0,六人相同
239,u16,名字,0,0,0,0,0,0,六人相同
240,u16,名字,0,0,0,0,0,0,六人相同
241,u16,名字,0,0,0,0,0,0,六人相同
242,u16,名字,0,0,0,0,0,0,六人相同
243,u16,名字,0,0,0,0,0,0,六人相同
244,u16,名字,0,0,0,0,0,0,六人相同
245,u16,名字,0,0,0,0,0,0,六人相同
246,u16,名字,0,0,0,0,0,0,六人相同
247,u16,名字,0,0,0,0,0,0,六人相同
248,u16,名字,0,0,0,0,0,0,六人相同
249,u16,名字,0,0,0,0,0,0,六人相同
250,u16,名字,0,0,0,0,0,0,六人相同
251,u16,名字,0,0,0,0,0,0,六人相同
252,u16,名字,0,0,0,0,0,0,六人相同
253,u16,名字,0,0,0,0,0,0,六人相同
254,u16,名字,0,0,0,0,0,0,六人相同
255,u16,名字,0,0,0,0,0,0,六人相同
256,u16,名字,0,0,0,0,0,0,六人相同
257,u16,名字,0,0,0,0,0,0,六人相同
258,u16,名字,0,0,0,0,0,0,六人相同
259,u16,名字,0,0,0,0,0,0,六人相同
260,u16,名字,0,0,0,0,0,0,六人相同
261,u16,名字,0,0,0,0,0,0,六人相同
262,u16,名字,0,0,0,0,0,0,六人相同
263,u16,名字,0,0,0,0,0,0,六人相同
264,u16,名字,0,0,0,0,0,0,六人相同
265,u16,名字,0,0,0,0,0,0,六人相同
266,u16,名字,0,0,0,0,0,0,六人相同
267,u16,名字,0,0,0,0,0,0,六人相同
268,u16,名字,0,0,0,0,0,0,六人相同
269,u16,名字,0,0,0,0,0,0,六人相同
270,u16,名字,20480,17664,17920,20480,16896,20224,
271,u16,名字,16720,23109,21062,19536,16706,18511,
272,u16,名字,22081,17754,16722,16716,65,16712,
273,u16,名字,16726,69,21569,21569,0,21313,
274,u16,名字,21057,0,21588,18772,0,18515,
275,u16,名字,17490,0,17748,20041,0,18760,
276,u16,名字,68,0,21317,18766,0,73,
277,u16,名字,0,0,18771,73,0,0,
278,u16,名字,0,0,73,0,0,0,
279,u16,名字,0,0,0,0,0,0,六人相同
280,u16,名字,0,0,0,0,0,0,六人相同
281,u16,名字,0,0,0,0,0,0,六人相同
282,u16,名字,0,0,0,0,0,0,六人相同
283,u16,名字,0,0,0,0,0,0,六人相同
284,u16,名字,0,0,0,0,0,0,六人相同
285,u16,名字,0,0,0,0,0,0,六人相同
286,u16,名字,0,0,0,0,0,0,六人相同
287,u16,名字,0,0,0,0,0,0,六人相同
288,u16,名字,0,0,0,0,0,0,六人相同
289,u16,名字,0,0,0,0,0,0,六人相同
290,u16,名字,0,0,0,0,0,0,六人相同
291,u16,名字,0,0,0,0,0,0,六人相同
292,u16,名字,0,0,0,0,0,0,六人相同
293,u16,名字,0,0,0,0,0,0,六人相同
294,u16,名字,0,0,0,0,0,0,六人相同
295,u16,名字,0,0,0,0,0,0,六人相同
296,u16,名字,0,0,0,0,0,0,六人相同
297,u16,名字,0,0,0,0,0,0,六人相同
298,u16,名字,0,0,0,0,0,0,六人相同
299,u16,名字,0,0,0,0,0,0,六人相同
300,u16,名字,0,0,0,0,0,0,六人相同
301,u16,名字,0,0,0,0,0,0,六人相同
302,u16,名字,0,0,0,0,0,0,六人相同
303,u16,名字,0,0,0,0,0,0,六人相同
304,u16,名字,0,0,0,0,0,0,六人相同
305,u16,名字,0,0,0,0,0,0,六人相同
306,u16,名字,0,0,0,0,0,0,六人相同
307,u16,名字,0,0,0,0,0,0,六人相同
308,u16,名字,0,0,0,0,0,0,六人相同
309,u16,名字,0,0,0,0,0,0,六人相同
310,u16,名字,0,0,0,0,0,0,六人相同
311,u16,名字,0,0,0,0,0,0,六人相同
312,u16,名字,0,0,0,0,0,0,六人相同
313,u16,名字,0,0,0,0,0,0,六人相同
314,u16,名字,0,0,0,0,0,0,六人相同
315,u16,名字,0,0,0,0,0,0,六人相同
316,u16,名字,0,0,0,0,0,0,六人相同
317,u16,名字,0,0,0,0,0,0,六人相同
318,u16,名字,0,0,0,0,0,0,六人相同
319,u16,名字,0,0,0,0,0,0,六人相同
320,u16,名字,0,0,0,0,0,0,六人相同
321,u16,名字,0,0,0,0,0,0,六人相同
322,u16,名字,0,0,0,0,0,0,六人相同
323,u16,名字,0,0,0,0,0,0,六人相同
324,u16,名字,0,0,0,0,0,0,六人相同
325,u16,名字,0,0,0,0,0,0,六人相同
326,u16,名字,0,0,0,0,0,0,六人相同
327,u16,名字,0,0,0,0,0,0,六人相同
328,u16,名字,0,0,0,0,0,0,六人相同
329,u16,名字,0,0,0,0,0,0,六人相同
330,u16,名字,0,0,0,0,0,0,六人相同
331,u16,名字,16896,17664,17408,19712,20224,20224,
332,u16,名字,25922,25157,24900,26957,30031,26703,
333,u16,名字,28261,25954,30305,25449,29557,24936,
334,u16,名字,27246,29285,26998,26723,29555,29537,
335,u16,名字,24938,25970,25705,25960,25971,26739,
336,u16,名字,28001,25445,25956,27749,31077,26984,
337,u16,名字,26989,26723,8293,8300,28281,8297,
338,u16,名字,28265,26984,17952,20512,28526,22816,
339,u16,名字,8302,8297,29254,27728,30063,30041,
340,u16,名字,20512,17696,24946,24940,8309,27509,
341,u16,名字,24912,31301,29793,29793,16928,26987,
342,u16,名字,30305,25978,29812,26996,24898,105,
343,u16,名字,24950,101,25972,28265,97,0,
344,u16,名字,29281,0,29541,26990,0,0,
345,u16,名字,25714,0,26995,105,0,0,
346,u16,名字,100,0,105,0,0,0,
347,u16,名字,0,0,0,0,0,0,六人相同
348,u16,名字,0,0,0,0,0,0,六人相同
349,u16,名字,0,0,0,0,0,0,六人相同
350,u16,名字,0,0,0,0,0,0,六人相同
351,u16,名字,0,0,0,0,0,0,六人相同
352,u16,名字,0,0,0,0,0,0,六人相同
353,u16,名字,0,0,0,0,0,0,六人相同
354,u16,名字,0,0,0,0,0,0,六人相同
355,u16,名字,0,0,0,0,0,0,六人相同
356,u16,名字,0,0,0,0,0,0,六人相同
357,u16,名字,0,0,0,0,0,0,六人相同
358,u16,名字,0,0,0,0,0,0,六人相同
359,u16,名字,0,0,0,0,0,0,六人相同
360,u16,名字,0,0,0,0,0,0,六人相同
361,u16,名字,0,0,0,0,0,0,六人相同
362,u16,名字,0,0,0,0,0,0,六人相同
363,u16,名字,0,0,0,0,0,0,六人相同
364,u16,名字,0,0,0,0,0,0,六人相同
365,u16,名字,0,0,0,0,0,0,六人相同
366,u16,名字,0,0,0,0,0,0,六人相同
367,u16,名字,0,0,0,0,0,0,六人相同
368,u16,名字,0,0,0,0,0,0,六人相同
369,u16,名字,0,0,0,0,0,0,六人相同
370,u16,名字,0,0,0,0,0,0,六人相同
371,u16,名字,0,0,0,0,0,0,六人相同
372,u16,名字,0,0,0,0,0,0,六人相同
373,u16,名字,0,0,0,0,0,0,六人相同
374,u16,名字,0,0,0,0,0,0,六人相同
375,u16,名字,0,0,0,0,0,0,六人相同
376,u16,名字,0,0,0,0,0,0,六人相同
377,u16,名字,0,0,0,0,0,0,六人相同
378,u16,名字,0,0,0,0,0,0,六人相同
379,u16,名字,0,0,0,0,0,0,六人相同
380,u16,名字,0,0,0,0,0,0,六人相同
381,u16,名字,0,0,0,0,0,0,六人相同
382,u16,名字,0,0,0,0,0,0,六人相同
383,u16,名字,0,0,0,0,0,0,六人相同
384,u16,名字,0,0,0,0,0,0,六人相同
385,u16,名字,0,0,0,0,0,0,六人相同
386,u16,名字,0,0,0,0,0,0,六人相同
387,u16,名字,0,0,0,0,0,0,六人相同
388,u16,名字,0,0,0,0,0,0,六人相同
389,u16,名字,0,0,0,0,0,0,六人相同
390,u16,名字,0,0,0,0,0,0,六人相同
391,u16,名字,0,0,0,0,0,0,六人相同
392,u16,名字,0,0,0,0,0,0,六人相同
393,u16,,0,0,0,0,0,0,六人相同
394,u16,,0,0,0,0,0,0,六人相同
395,u16,,0,0,0,0,0,0,六人相同
396,u16,,0,0,0,0,0,0,六人相同
397,u16,,0,0,0,0,0,0,六人相同
398,u16,,0,0,0,0,0,0,六人相同
2,u32,,0,0,0,0,0,0,六人相同
3,u32,,0,0,0,0,0,0,六人相同
4,u32,,0,0,0,0,0,0,六人相同
31,u32,,86,78,78,79,92,81,异同和等级一样
36,u32,,1216348160,142606336,142606336,196083848,1073741824,0,异同和等级一样
122,u32,名字,0,0,0,0,0,0,六人相同
123,u32,名字,0,0,0,0,0,0,六人相同
124,u32,名字,0,0,0,0,0,0,六人相同
125,u32,名字,0,0,0,0,0,0,六人相同
126,u32,名字,0,0,0,0,0,0,六人相同
127,u32,名字,0,0,0,0,0,0,六人相同
128,u32,名字,0,0,0,0,0,0,六人相同
129,u32,名字,0,0,0,0,0,0,六人相同
130,u32,名字,0,0,0,0,0,0,六人相同
131,u32,名字,0,0,0,0,0,0,六人相同
132,u32,名字,0,0,0,0,0,0,六人相同
133,u32,名字,0,0,0,0,0,0,六人相同
134,u32,名字,0,0,0,0,0,0,六人相同
135,u32,名字,0,0,0,0,0,0,六人相同
136,u32,名字,0,0,0,0,0,0,六人相同
137,u32,名字,0,0,0,0,0,0,六人相同
138,u32,名字,0,0,0,0,0,0,六人相同
139,u32,名字,0,0,0,0,0,0,六人相同
140,u32,名字,0,0,0,0,0,0,六人相同
141,u32,名字,0,0,0,0,0,0,六人相同
142,u32,名字,0,0,0,0,0,0,六人相同
143,u32,名字,0,0,0,0,0,0,六人相同
144,u32,名字,0,0,0,0,0,0,六人相同
145,u32,名字,0,0,0,0,0,0,六人相同
157,u32,名字,0,0,0,0,0,0,六人相同
158,u32,名字,0,0,0,0,0,0,六人相同
159,u32,名字,0,0,0,0,0,0,六人相同
160,u32,名字,0,0,0,0,0,0,六人相同
161,u32,名字,0,0,0,0,0,0,六人相同
162,u32,名字,0,0,0,0,0,0,六人相同
163,u32,名字,0,0,0,0,0,0,六人相同
164,u32,名字,0,0,0,0,0,0,六人相同
165,u32,名字,0,0,0,0,0,0,六人相同
166,u32,名字,0,0,0,0,0,0,六人相同
167,u32,名字,0,0,0,0,0,0,六人相同
168,u32,名字,0,0,0,0,0,0,六人相同
169,u32,名字,0,0,0,0,0,0,六人相同
170,u32,名字,0,0,0,0,0,0,六人相同
171,u32,名字,0,0,0,0,0,0,六人相同
172,u32,名字,0,0,0,0,0,0,六人相同
173,u32,名字,0,0,0,0,0,0,六人相同
174,u32,名字,0,0,0,0,0,0,六人相同
175,u32,名字,0,0,0,0,0,0,六人相同
176,u32,名字,0,0,0,0,0,0,六人相同
177,u32,名字,0,0,0,0,0,0,六人相同
178,u32,名字,0,0,0,0,0,0,六人相同
179,u32,名字,0,0,0,0,0,0,六人相同
180,u32,名字,0,0,0,0,0,0,六人相同
181,u32,名字,0,0,0,0,0,0,六人相同
182,u32,名字,0,0,0,0,0,0,六人相同
183,u32,名字,0,0,0,0,0,0,六人相同
184,u32,名字,0,0,0,0,0,0,六人相同
185,u32,名字,0,0,0,0,0,0,六人相同
186,u32,名字,0,0,0,0,0,0,六人相同
187,u32,名字,0,0,0,0,0,0,六人相同
188,u32,名字,0,0,0,0,0,0,六人相同
189,u32,名字,0,0,0,0,0,0,六人相同
190,u32,名字,0,0,0,0,0,0,六人相同
191,u32,名字,0,0,0,0,0,0,六人相同
192,u32,名字,0,0,0,0,0,0,六人相同
193,u32,名字,0,0,0,0,0,0,六人相同
194,u32,名字,0,0,0,0,0,0,六人相同
195,u32,名字,0,0,0,0,0,0,六人相同
196,u32,名字,0,0,0,0,0,0,六人相同
197,u32,名字,0,0,0,0,0,0,六人相同
198,u32,名字,0,0,0,0,0,0,六人相同
199,u32,名字,0,0,0,0,0,0,六人相同
200,u32,名字,0,0,0,0,0,0,六人相同
201,u32,名字,0,0,0,0,0,0,六人相同
202,u32,名字,0,0,0,0,0,0,六人相同
203,u32,名字,0,0,0,0,0,0,六人相同
204,u32,名字,0,0,0,0,0,0,六人相同
205,u32,名字,0,0,0,0,0,0,六人相同
206,u32,名字,0,0,0,0,0,0,六人相同
233,u32,名字,0,0,0,0,0,0,六人相同
234,u32,名字,0,0,0,0,0,0,六人相同
235,u32,名字,0,0,0,0,0,0,六人相同
236,u32,名字,0,0,0,0,0,0,六人相同
237,u32,名字,0,0,0,0,0,0,六人相同
238,u32,名字,0,0,0,0,0,0,六人相同
239,u32,名字,0,0,0,0,0,0,六人相同
240,u32,名字,0,0,0,0,0,0,六人相同
241,u32,名字,0,0,0,0,0,0,六人相同
242,u32,名字,0,0,0,0,0,0,六人相同
243,u32,名字,0,0,0,0,0,0,六人相同
244,u32,名字,0,0,0,0,0,0,六人相同
245,u32,名字,0,0,0,0,0,0,六人相同
246,u32,名字,0,0,0,0,0,0,六人相同
247,u32,名字,0,0,0,0,0,0,六人相同
248,u32,名字,0,0,0,0,0,0,六人相同
249,u32,名字,0,0,0,0,0,0,六人相同
250,u32,名字,0,0,0,0,0,0,六人相同
251,u32,名字,0,0,0,0,0,0,六人相同
252,u32,名字,0,0,0,0,0,0,六人相同
253,u32,名字,0,0,0,0,0,0,六人相同
254,u32,名字,0,0,0,0,0,0,六人相同
255,u32,名字,0,0,0,0,0,0,六人相同
256,u32,名字,0,0,0,0,0,0,六人相同
257,u32,名字,0,0,0,0,0,0,六人相同
258,u32,名字,0,0,0,0,0,0,六人相同
259,u32,名字,0,0,0,0,0,0,六人相同
260,u32,名字,0,0,0,0,0,0,六人相同
261,u32,名字,0,0,0,0,0,0,六人相同
262,u32,名字,0,0,0,0,0,0,六人相同
263,u32,名字,0,0,0,0,0,0,六人相同
264,u32,名字,0,0,0,0,0,0,六人相同
265,u32,名字,0,0,0,0,0,0,六人相同
266,u32,名字,0,0,0,0,0,0,六人相同
267,u32,名字,0,0,0,0,0,0,六人相同
279,u32,名字,0,0,0,0,0,0,六人相同
280,u32,名字,0,0,0,0,0,0,六人相同
281,u32,名字,0,0,0,0,0,0,六人相同
282,u32,名字,0,0,0,0,0,0,六人相同
283,u32,名字,0,0,0,0,0,0,六人相同
284,u32,名字,0,0,0,0,0,0,六人相同
285,u32,名字,0,0,0,0,0,0,六人相同
286,u32,名字,0,0,0,0,0,0,六人相同
287,u32,名字,0,0,0,0,0,0,六人相同
288,u32,名字,0,0,0,0,0,0,六人相同
289,u32,名字,0,0,0,0,0,0,六人相同
290,u32,名字,0,0,0,0,0,0,六人相同
291,u32,名字,0,0,0,0,0,0,六人相同
292,u32,名字,0,0,0,0,0,0,六人相同
293,u32,名字,0,0,0,0,0,0,六人相同
294,u32,名字,0,0,0,0,0,0,六人相同
295,u32,名字,0,0,0,0,0,0,六人相同
296,u32,名字,0,0,0,0,0,0,六人相同
297,u32,名字,0,0,0,0,0,0,六人相同
298,u32,名字,0,0,0,0,0,0,六人相同
299,u32,名字,0,0,0,0,0,0,六人相同
300,u32,名字,0,0,0,0,0,0,六人相同
301,u32,名字,0,0,0,0,0,0,六人相同
302,u32,名字,0,0,0,0,0,0,六人相同
303,u32,名字,0,0,0,0,0,0,六人相同
304,u32,名字,0,0,0,0,0,0,六人相同
305,u32,名字,0,0,0,0,0,0,六人相同
306,u32,名字,0,0,0,0,0,0,六人相同
307,u32,名字,0,0,0,0,0,0,六人相同
308,u32,名字,0,0,0,0,0,0,六人相同
309,u32,名字,0,0,0,0,0,0,六人相同
310,u32,名字,0,0,0,0,0,0,六人相同
311,u32,名字,0,0,0,0,0,0,六人相同
312,u32,名字,0,0,0,0,0,0,六人相同
313,u32,名字,0,0,0,0,0,0,六人相同
314,u32,名字,0,0,0,0,0,0,六人相同
315,u32,名字,0,0,0,0,0,0,六人相同
316,u32,名字,0,0,0,0,0,0,六人相同
317,u32,名字,0,0,0,0,0,0,六人相同
318,u32,名字,0,0,0,0,0,0,六人相同
319,u32,名字,0,0,0,0,0,0,六人相同
320,u32,名字,0,0,0,0,0,0,六人相同
321,u32,名字,0,0,0,0,0,0,六人相同
322,u32,名字,0,0,0,0,0,0,六人相同
323,u32,名字,0,0,0,0,0,0,六人相同
324,u32,名字,0,0,0,0,0,0,六人相同
325,u32,名字,0,0,0,0,0,0,六人相同
326,u32,名字,0,0,0,0,0,0,六人相同
327,u32,名字,0,0,0,0,0,0,六人相同
328,u32,名字,0,0,0,0,0,0,六人相同
346,u32,名字,100,0,105,0,0,0,含100/4000/10000
347,u32,名字,0,0,0,0,0,0,六人相同
348,u32,名字,0,0,0,0,0,0,六人相同
349,u32,名字,0,0,0,0,0,0,六人相同
350,u32,名字,0,0,0,0,0,0,六人相同
351,u32,名字,0,0,0,0,0,0,六人相同
352,u32,名字,0,0,0,0,0,0,六人相同
353,u32,名字,0,0,0,0,0,0,六人相同
354,u32,名字,0,0,0,0,0,0,六人相同
355,u32,名字,0,0,0,0,0,0,六人相同
356,u32,名字,0,0,0,0,0,0,六人相同
357,u32,名字,0,0,0,0,0,0,六人相同
358,u32,名字,0,0,0,0,0,0,六人相同
359,u32,名字,0,0,0,0,0,0,六人相同
360,u32,名字,0,0,0,0,0,0,六人相同
361,u32,名字,0,0,0,0,0,0,六人相同
362,u32,名字,0,0,0,0,0,0,六人相同
363,u32,名字,0,0,0,0,0,0,六人相同
364,u32,名字,0,0,0,0,0,0,六人相同
365,u32,名字,0,0,0,0,0,0,六人相同
366,u32,名字,0,0,0,0,0,0,六人相同
367,u32,名字,0,0,0,0,0,0,六人相同
368,u32,名字,0,0,0,0,0,0,六人相同
369,u32,名字,0,0,0,0,0,0,六人相同
370,u32,名字,0,0,0,0,0,0,六人相同
371,u32,名字,0,0,0,0,0,0,六人相同
372,u32,名字,0,0,0,0,0,0,六人相同
373,u32,名字,0,0,0,0,0,0,六人相同
374,u32,名字,0,0,0,0,0,0,六人相同
375,u32,名字,0,0,0,0,0,0,六人相同
376,u32,名字,0,0,0,0,0,0,六人相同
377,u32,名字,0,0,0,0,0,0,六人相同
378,u32,名字,0,0,0,0,0,0,六人相同
379,u32,名字,0,0,0,0,0,0,六人相同
380,u32,名字,0,0,0,0,0,0,六人相同
381,u32,名字,0,0,0,0,0,0,六人相同
382,u32,名字,0,0,0,0,0,0,六人相同
383,u32,名字,0,0,0,0,0,0,六人相同
384,u32,名字,0,0,0,0,0,0,六人相同
385,u32,名字,0,0,0,0,0,0,六人相同
386,u32,名字,0,0,0,0,0,0,六人相同
387,u32,名字,0,0,0,0,0,0,六人相同
388,u32,名字,0,0,0,0,0,0,六人相同
389,u32,名字,0,0,0,0,0,0,六人相同
390,u32,名字,0,0,0,0,0,0,六人相同
391,u32,名字,0,0,0,0,0,0,六人相同
392,u32,名字,0,0,0,0,0,0,六人相同
393,u32,,0,0,0,0,0,0,六人相同
394,u32,,0,0,0,0,0,0,六人相同
395,u32,,0,0,0,0,0,0,六人相同
396,u32,,0,0,0,0,0,0,六人相同
